tanggal,qty,jumlah
01/01/2016,32.3
02/01/2016,33
3-Jan-2016
4-Jan-2016
5-Jan-2016
6-Jan-2016
7-Jan-2016
8-Jan-2016
9-Jan-2016
10-Jan-2016
11-Jan-2016
12-Jan-2016
13-Jan-2016
14-Jan-2016
15-Jan-2016
16-Jan-2016
17-Jan-2016
18-Jan-2016
19-Jan-2016
20-Jan-2016
21-Jan-2016
22-Jan-2016
23-Jan-2016
24-Jan-2016
25-Jan-2016
26-Jan-2016
27-Jan-2016
28-Jan-2016
29-Jan-2016
30-Jan-2016
31-Jan-2016
1-Feb-2016
2-Feb-2016
3-Feb-2016
4-Feb-2016
5-Feb-2016
6-Feb-2016
7-Feb-2016
8-Feb-2016
9-Feb-2016
10-Feb-2016
11-Feb-2016
12-Feb-2016
13-Feb-2016
14-Feb-2016
15-Feb-2016
16-Feb-2016
17-Feb-2016
18-Feb-2016
19-Feb-2016
20-Feb-2016
21-Feb-2016
22-Feb-2016
23-Feb-2016
24-Feb-2016
25-Feb-2016
26-Feb-2016
27-Feb-2016
28-Feb-2016
29-Feb-2016
1-Mar-2016
2-Mar-2016
3-Mar-2016
4-Mar-2016
5-Mar-2016
6-Mar-2016
7-Mar-2016
8-Mar-2016
9-Mar-2016
10-Mar-2016
11-Mar-2016
12-Mar-2016
13-Mar-2016
14-Mar-2016
15-Mar-2016
16-Mar-2016
17-Mar-2016
18-Mar-2016
19-Mar-2016
20-Mar-2016
21-Mar-2016
22-Mar-2016
23-Mar-2016
24-Mar-2016
25-Mar-2016
26-Mar-2016
27-Mar-2016
28-Mar-2016
29-Mar-2016
30-Mar-2016
31-Mar-2016
1-Apr-2016
2-Apr-2016
3-Apr-2016
4-Apr-2016
5-Apr-2016
6-Apr-2016
7-Apr-2016
8-Apr-2016
9-Apr-2016
10-Apr-2016
11-Apr-2016
12-Apr-2016
13-Apr-2016
14-Apr-2016
15-Apr-2016
16-Apr-2016
17-Apr-2016
18-Apr-2016
19-Apr-2016
20-Apr-2016
21-Apr-2016
22-Apr-2016
23-Apr-2016
24-Apr-2016
25-Apr-2016
26-Apr-2016
27-Apr-2016
28-Apr-2016
29-Apr-2016
30-Apr-2016
1-May-2016
2-May-2016
3-May-2016
4-May-2016
5-May-2016
6-May-2016
7-May-2016
8-May-2016
9-May-2016
10-May-2016
11-May-2016
12-May-2016
13-May-2016
14-May-2016
15-May-2016
16-May-2016
17-May-2016
18-May-2016
19-May-2016
20-May-2016
21-May-2016
22-May-2016
23-May-2016
24-May-2016
25-May-2016
26-May-2016
27-May-2016
28-May-2016
29-May-2016
30-May-2016
31-May-2016
1-Jun-2016
2-Jun-2016
3-Jun-2016
4-Jun-2016
5-Jun-2016
6-Jun-2016
7-Jun-2016
8-Jun-2016
9-Jun-2016
10-Jun-2016
11-Jun-2016
12-Jun-2016
13-Jun-2016
14-Jun-2016
15-Jun-2016
16-Jun-2016
17-Jun-2016
18-Jun-2016
19-Jun-2016
20-Jun-2016
21-Jun-2016
22-Jun-2016
23-Jun-2016
24-Jun-2016
25-Jun-2016
26-Jun-2016
27-Jun-2016
28-Jun-2016
29-Jun-2016
30-Jun-2016
1-Jul-2016
2-Jul-2016
3-Jul-2016
4-Jul-2016
5-Jul-2016
6-Jul-2016
7-Jul-2016
8-Jul-2016
9-Jul-2016
10-Jul-2016
11-Jul-2016
12-Jul-2016
13-Jul-2016
14-Jul-2016
15-Jul-2016
16-Jul-2016
17-Jul-2016
18-Jul-2016
19-Jul-2016
20-Jul-2016
21-Jul-2016
22-Jul-2016
23-Jul-2016
24-Jul-2016
25-Jul-2016
26-Jul-2016
27-Jul-2016
28-Jul-2016
29-Jul-2016
30-Jul-2016
31-Jul-2016
1-Aug-2016
2-Aug-2016
3-Aug-2016
4-Aug-2016
5-Aug-2016
6-Aug-2016
7-Aug-2016
8-Aug-2016
9-Aug-2016
10-Aug-2016
11-Aug-2016
12-Aug-2016
13-Aug-2016
14-Aug-2016
15-Aug-2016
16-Aug-2016
17-Aug-2016
18-Aug-2016
19-Aug-2016
20-Aug-2016
21-Aug-2016
22-Aug-2016
23-Aug-2016
24-Aug-2016
25-Aug-2016
26-Aug-2016
27-Aug-2016
28-Aug-2016
29-Aug-2016
30-Aug-2016
31-Aug-2016
1-Sep-2016
2-Sep-2016
3-Sep-2016
4-Sep-2016
5-Sep-2016
6-Sep-2016
7-Sep-2016
8-Sep-2016
9-Sep-2016
10-Sep-2016
11-Sep-2016
12-Sep-2016
13-Sep-2016
14-Sep-2016
15-Sep-2016
16-Sep-2016
17-Sep-2016
18-Sep-2016
19-Sep-2016
20-Sep-2016
21-Sep-2016
22-Sep-2016
23-Sep-2016
24-Sep-2016
25-Sep-2016
26-Sep-2016
27-Sep-2016
28-Sep-2016
29-Sep-2016
30-Sep-2016
1-Oct-2016
2-Oct-2016
3-Oct-2016
4-Oct-2016
5-Oct-2016
6-Oct-2016
7-Oct-2016
8-Oct-2016
9-Oct-2016
10-Oct-2016
11-Oct-2016
12-Oct-2016
13-Oct-2016
14-Oct-2016
15-Oct-2016
16-Oct-2016
17-Oct-2016
18-Oct-2016
19-Oct-2016
20-Oct-2016
21-Oct-2016
22-Oct-2016
23-Oct-2016
24-Oct-2016
25-Oct-2016
26-Oct-2016
27-Oct-2016
28-Oct-2016
29-Oct-2016
30-Oct-2016
31-Oct-2016
1-Nov-2016
2-Nov-2016
3-Nov-2016
4-Nov-2016
5-Nov-2016
6-Nov-2016
7-Nov-2016
8-Nov-2016
9-Nov-2016
10-Nov-2016
11-Nov-2016
12-Nov-2016
13-Nov-2016
14-Nov-2016
15-Nov-2016
16-Nov-2016
17-Nov-2016
18-Nov-2016
19-Nov-2016
20-Nov-2016
21-Nov-2016
22-Nov-2016
23-Nov-2016
24-Nov-2016
25-Nov-2016
26-Nov-2016
27-Nov-2016
28-Nov-2016
29-Nov-2016
30-Nov-2016
1-Dec-2016
2-Dec-2016
3-Dec-2016
4-Dec-2016
5-Dec-2016
6-Dec-2016
7-Dec-2016
8-Dec-2016
9-Dec-2016
10-Dec-2016
11-Dec-2016
12-Dec-2016
13-Dec-2016
14-Dec-2016
15-Dec-2016
16-Dec-2016
17-Dec-2016
18-Dec-2016
19-Dec-2016
20-Dec-2016
21-Dec-2016
22-Dec-2016
23-Dec-2016
24-Dec-2016
25-Dec-2016
26-Dec-2016
27-Dec-2016
28-Dec-2016
29-Dec-2016
30-Dec-2016
31-Dec-2016
1-Jan-2017
2-Jan-2017
3-Jan-2017
4-Jan-2017
5-Jan-2017
6-Jan-2017
7-Jan-2017
8-Jan-2017
9-Jan-2017
10-Jan-2017
11-Jan-2017
12-Jan-2017
13-Jan-2017
14-Jan-2017
15-Jan-2017
16-Jan-2017
17-Jan-2017
18-Jan-2017
19-Jan-2017
20-Jan-2017
21-Jan-2017
22-Jan-2017
23-Jan-2017
24-Jan-2017
25-Jan-2017
26-Jan-2017
27-Jan-2017
28-Jan-2017
29-Jan-2017
30-Jan-2017
31-Jan-2017
1-Feb-2017
2-Feb-2017
3-Feb-2017
4-Feb-2017
5-Feb-2017
6-Feb-2017
7-Feb-2017
8-Feb-2017
9-Feb-2017
10-Feb-2017
11-Feb-2017
12-Feb-2017
13-Feb-2017
14-Feb-2017
15-Feb-2017
16-Feb-2017
17-Feb-2017
18-Feb-2017
19-Feb-2017
20-Feb-2017
21-Feb-2017
22-Feb-2017
23-Feb-2017
24-Feb-2017
25-Feb-2017
26-Feb-2017
27-Feb-2017
28-Feb-2017
1-Mar-2017
2-Mar-2017
3-Mar-2017
4-Mar-2017
5-Mar-2017
6-Mar-2017
7-Mar-2017
8-Mar-2017
9-Mar-2017
10-Mar-2017
11-Mar-2017
12-Mar-2017
13-Mar-2017
14-Mar-2017
15-Mar-2017
16-Mar-2017
17-Mar-2017
18-Mar-2017
19-Mar-2017
20-Mar-2017
21-Mar-2017
22-Mar-2017
23-Mar-2017
24-Mar-2017
25-Mar-2017
26-Mar-2017
27-Mar-2017
28-Mar-2017
29-Mar-2017
30-Mar-2017
31-Mar-2017
1-Apr-2017
2-Apr-2017
3-Apr-2017
4-Apr-2017
5-Apr-2017
6-Apr-2017
7-Apr-2017
8-Apr-2017
9-Apr-2017
10-Apr-2017
11-Apr-2017
12-Apr-2017
13-Apr-2017
14-Apr-2017
15-Apr-2017
16-Apr-2017
17-Apr-2017
18-Apr-2017
19-Apr-2017
20-Apr-2017
21-Apr-2017
22-Apr-2017
23-Apr-2017
24-Apr-2017
25-Apr-2017
26-Apr-2017
27-Apr-2017
28-Apr-2017
29-Apr-2017
30-Apr-2017
1-May-2017
2-May-2017
3-May-2017
4-May-2017
5-May-2017
6-May-2017
7-May-2017
8-May-2017
9-May-2017
10-May-2017
11-May-2017
12-May-2017
13-May-2017
14-May-2017
15-May-2017
16-May-2017
17-May-2017
18-May-2017
19-May-2017
20-May-2017
21-May-2017
22-May-2017
23-May-2017
24-May-2017
25-May-2017
26-May-2017
27-May-2017
28-May-2017
29-May-2017
30-May-2017
31-May-2017
1-Jun-2017
2-Jun-2017
3-Jun-2017
4-Jun-2017
5-Jun-2017
6-Jun-2017
7-Jun-2017
8-Jun-2017
9-Jun-2017
10-Jun-2017
11-Jun-2017
12-Jun-2017
13-Jun-2017
14-Jun-2017
15-Jun-2017
16-Jun-2017
17-Jun-2017
18-Jun-2017
19-Jun-2017
20-Jun-2017
21-Jun-2017
22-Jun-2017
23-Jun-2017
24-Jun-2017
25-Jun-2017
26-Jun-2017
27-Jun-2017
28-Jun-2017
29-Jun-2017
30-Jun-2017
1-Jul-2017
2-Jul-2017
3-Jul-2017
4-Jul-2017
5-Jul-2017
6-Jul-2017
7-Jul-2017
8-Jul-2017
9-Jul-2017
10-Jul-2017
11-Jul-2017
12-Jul-2017
13-Jul-2017
14-Jul-2017
15-Jul-2017
16-Jul-2017
17-Jul-2017
18-Jul-2017
19-Jul-2017
20-Jul-2017
21-Jul-2017
22-Jul-2017
23-Jul-2017
24-Jul-2017
25-Jul-2017
26-Jul-2017
27-Jul-2017
28-Jul-2017
29-Jul-2017
30-Jul-2017
31-Jul-2017
1-Aug-2017
2-Aug-2017
3-Aug-2017
4-Aug-2017
5-Aug-2017
6-Aug-2017
7-Aug-2017
8-Aug-2017
9-Aug-2017
10-Aug-2017
11-Aug-2017
12-Aug-2017
13-Aug-2017
14-Aug-2017
15-Aug-2017
16-Aug-2017
17-Aug-2017
18-Aug-2017
19-Aug-2017
20-Aug-2017
21-Aug-2017
22-Aug-2017
23-Aug-2017
24-Aug-2017
25-Aug-2017
26-Aug-2017
27-Aug-2017
28-Aug-2017
29-Aug-2017
30-Aug-2017
31-Aug-2017
1-Sep-2017
2-Sep-2017
3-Sep-2017
4-Sep-2017
5-Sep-2017
6-Sep-2017
7-Sep-2017
8-Sep-2017
9-Sep-2017
10-Sep-2017
11-Sep-2017
12-Sep-2017
13-Sep-2017
14-Sep-2017
15-Sep-2017
16-Sep-2017
17-Sep-2017
18-Sep-2017
19-Sep-2017
20-Sep-2017
21-Sep-2017
22-Sep-2017
23-Sep-2017
24-Sep-2017
25-Sep-2017
26-Sep-2017
27-Sep-2017
28-Sep-2017
29-Sep-2017
30-Sep-2017
1-Oct-2017
2-Oct-2017
3-Oct-2017
4-Oct-2017
5-Oct-2017
6-Oct-2017
7-Oct-2017
8-Oct-2017
9-Oct-2017
10-Oct-2017
11-Oct-2017
12-Oct-2017
13-Oct-2017
14-Oct-2017
15-Oct-2017
16-Oct-2017
17-Oct-2017
18-Oct-2017
19-Oct-2017
20-Oct-2017
21-Oct-2017
22-Oct-2017
23-Oct-2017
24-Oct-2017
25-Oct-2017
26-Oct-2017
27-Oct-2017
28-Oct-2017
29-Oct-2017
30-Oct-2017
31-Oct-2017
1-Nov-2017
2-Nov-2017
3-Nov-2017
4-Nov-2017
5-Nov-2017
6-Nov-2017
7-Nov-2017
8-Nov-2017
9-Nov-2017
10-Nov-2017
11-Nov-2017
12-Nov-2017
13-Nov-2017
14-Nov-2017
15-Nov-2017
16-Nov-2017
17-Nov-2017
18-Nov-2017
19-Nov-2017
20-Nov-2017
21-Nov-2017
22-Nov-2017
23-Nov-2017
24-Nov-2017
25-Nov-2017
26-Nov-2017
27-Nov-2017
28-Nov-2017
29-Nov-2017
30-Nov-2017
1-Dec-2017
2-Dec-2017
3-Dec-2017
4-Dec-2017
5-Dec-2017
6-Dec-2017
7-Dec-2017
8-Dec-2017
9-Dec-2017
10-Dec-2017
11-Dec-2017
12-Dec-2017
13-Dec-2017
14-Dec-2017
15-Dec-2017
16-Dec-2017
17-Dec-2017
18-Dec-2017
19-Dec-2017
20-Dec-2017
21-Dec-2017
22-Dec-2017
23-Dec-2017
24-Dec-2017
25-Dec-2017
26-Dec-2017
27-Dec-2017
28-Dec-2017
29-Dec-2017
30-Dec-2017
31-Dec-2017
1-Jan-2018
2-Jan-2018
3-Jan-2018
4-Jan-2018
5-Jan-2018
6-Jan-2018
7-Jan-2018
8-Jan-2018
9-Jan-2018
10-Jan-2018
11-Jan-2018
12-Jan-2018
13-Jan-2018
14-Jan-2018
15-Jan-2018
16-Jan-2018
17-Jan-2018
18-Jan-2018
19-Jan-2018
20-Jan-2018
21-Jan-2018
22-Jan-2018
23-Jan-2018
24-Jan-2018
25-Jan-2018
26-Jan-2018
27-Jan-2018
28-Jan-2018
29-Jan-2018
30-Jan-2018
31-Jan-2018
1-Feb-2018
2-Feb-2018
3-Feb-2018
4-Feb-2018
5-Feb-2018
6-Feb-2018
7-Feb-2018
8-Feb-2018
9-Feb-2018
10-Feb-2018
11-Feb-2018
12-Feb-2018
13-Feb-2018
14-Feb-2018
15-Feb-2018
16-Feb-2018
17-Feb-2018
18-Feb-2018
19-Feb-2018
20-Feb-2018
21-Feb-2018
22-Feb-2018
23-Feb-2018
24-Feb-2018
25-Feb-2018
26-Feb-2018
27-Feb-2018
28-Feb-2018
1-Mar-2018
2-Mar-2018
3-Mar-2018
4-Mar-2018
5-Mar-2018
6-Mar-2018
7-Mar-2018
8-Mar-2018
9-Mar-2018
10-Mar-2018
11-Mar-2018
12-Mar-2018
13-Mar-2018
14-Mar-2018
15-Mar-2018
16-Mar-2018
17-Mar-2018
18-Mar-2018
19-Mar-2018
20-Mar-2018
21-Mar-2018
22-Mar-2018
23-Mar-2018
24-Mar-2018
25-Mar-2018
26-Mar-2018
27-Mar-2018
28-Mar-2018
29-Mar-2018
30-Mar-2018
31-Mar-2018
1-Apr-2018
2-Apr-2018
3-Apr-2018
4-Apr-2018
5-Apr-2018
6-Apr-2018
7-Apr-2018
8-Apr-2018
9-Apr-2018
10-Apr-2018
11-Apr-2018
12-Apr-2018
13-Apr-2018
14-Apr-2018
15-Apr-2018
16-Apr-2018
17-Apr-2018
18-Apr-2018
19-Apr-2018
20-Apr-2018
21-Apr-2018
22-Apr-2018
23-Apr-2018
24-Apr-2018
25-Apr-2018
26-Apr-2018
27-Apr-2018
28-Apr-2018
29-Apr-2018
30-Apr-2018
1-May-2018
2-May-2018
3-May-2018
4-May-2018
5-May-2018
6-May-2018
7-May-2018
8-May-2018
9-May-2018
10-May-2018
11-May-2018
12-May-2018
13-May-2018
14-May-2018
15-May-2018
16-May-2018
17-May-2018
18-May-2018
19-May-2018
20-May-2018
21-May-2018
22-May-2018
23-May-2018
24-May-2018
25-May-2018
26-May-2018
27-May-2018
28-May-2018
29-May-2018
30-May-2018
31-May-2018
1-Jun-2018
2-Jun-2018
3-Jun-2018
4-Jun-2018
5-Jun-2018
6-Jun-2018
7-Jun-2018
8-Jun-2018
9-Jun-2018
10-Jun-2018
11-Jun-2018
12-Jun-2018
13-Jun-2018
14-Jun-2018
15-Jun-2018
16-Jun-2018
17-Jun-2018
18-Jun-2018
19-Jun-2018
20-Jun-2018
21-Jun-2018
22-Jun-2018
23-Jun-2018
24-Jun-2018
25-Jun-2018
26-Jun-2018
27-Jun-2018
28-Jun-2018
29-Jun-2018
30-Jun-2018
1-Jul-2018
2-Jul-2018
3-Jul-2018
4-Jul-2018
5-Jul-2018
6-Jul-2018
7-Jul-2018
8-Jul-2018
9-Jul-2018
10-Jul-2018
11-Jul-2018
12-Jul-2018
13-Jul-2018
14-Jul-2018
15-Jul-2018
16-Jul-2018
17-Jul-2018
18-Jul-2018
19-Jul-2018
20-Jul-2018
21-Jul-2018
22-Jul-2018
23-Jul-2018
24-Jul-2018
25-Jul-2018
26-Jul-2018
27-Jul-2018
28-Jul-2018
29-Jul-2018
30-Jul-2018
31-Jul-2018
1-Aug-2018
2-Aug-2018
3-Aug-2018
4-Aug-2018
5-Aug-2018
6-Aug-2018
7-Aug-2018
8-Aug-2018
9-Aug-2018
10-Aug-2018
11-Aug-2018
12-Aug-2018
13-Aug-2018
14-Aug-2018
15-Aug-2018
16-Aug-2018
17-Aug-2018
18-Aug-2018
19-Aug-2018
20-Aug-2018
21-Aug-2018
22-Aug-2018
23-Aug-2018
24-Aug-2018
25-Aug-2018
26-Aug-2018
27-Aug-2018
28-Aug-2018
29-Aug-2018
30-Aug-2018
31-Aug-2018
1-Sep-2018
2-Sep-2018
3-Sep-2018
4-Sep-2018
5-Sep-2018
6-Sep-2018
7-Sep-2018
8-Sep-2018
9-Sep-2018
10-Sep-2018
11-Sep-2018
12-Sep-2018
13-Sep-2018
14-Sep-2018
15-Sep-2018
16-Sep-2018
17-Sep-2018
18-Sep-2018
19-Sep-2018
20-Sep-2018
21-Sep-2018
22-Sep-2018
23-Sep-2018
24-Sep-2018
25-Sep-2018
26-Sep-2018
27-Sep-2018
28-Sep-2018
29-Sep-2018
30-Sep-2018
1-Oct-2018
2-Oct-2018
3-Oct-2018
4-Oct-2018
5-Oct-2018
6-Oct-2018
7-Oct-2018
8-Oct-2018
9-Oct-2018
10-Oct-2018
11-Oct-2018
12-Oct-2018
13-Oct-2018
14-Oct-2018
15-Oct-2018
16-Oct-2018
17-Oct-2018
18-Oct-2018
19-Oct-2018
20-Oct-2018
21-Oct-2018
22-Oct-2018
23-Oct-2018
24-Oct-2018
25-Oct-2018
26-Oct-2018
27-Oct-2018
28-Oct-2018
29-Oct-2018
30-Oct-2018
31-Oct-2018
1-Nov-2018
2-Nov-2018
3-Nov-2018
4-Nov-2018
5-Nov-2018
6-Nov-2018
7-Nov-2018
8-Nov-2018
9-Nov-2018
10-Nov-2018
11-Nov-2018
12-Nov-2018
13-Nov-2018
14-Nov-2018
15-Nov-2018
16-Nov-2018
17-Nov-2018
18-Nov-2018
19-Nov-2018
20-Nov-2018
21-Nov-2018
22-Nov-2018
23-Nov-2018
24-Nov-2018
25-Nov-2018
26-Nov-2018
27-Nov-2018
28-Nov-2018
29-Nov-2018
30-Nov-2018
1-Dec-2018
2-Dec-2018
3-Dec-2018
4-Dec-2018
5-Dec-2018
6-Dec-2018
7-Dec-2018
8-Dec-2018
9-Dec-2018
10-Dec-2018
11-Dec-2018
12-Dec-2018
13-Dec-2018
14-Dec-2018
15-Dec-2018
16-Dec-2018
17-Dec-2018
18-Dec-2018
19-Dec-2018
20-Dec-2018
21-Dec-2018
22-Dec-2018
23-Dec-2018
24-Dec-2018
25-Dec-2018
26-Dec-2018
27-Dec-2018
28-Dec-2018
29-Dec-2018
30-Dec-2018
31-Dec-2018
1-Jan-2019
2-Jan-2019
3-Jan-2019
4-Jan-2019
5-Jan-2019
6-Jan-2019
7-Jan-2019
8-Jan-2019
9-Jan-2019
10-Jan-2019
11-Jan-2019
12-Jan-2019
13-Jan-2019
14-Jan-2019
15-Jan-2019
16-Jan-2019
17-Jan-2019
18-Jan-2019
19-Jan-2019
20-Jan-2019
21-Jan-2019
22-Jan-2019
23-Jan-2019
24-Jan-2019
25-Jan-2019
26-Jan-2019
27-Jan-2019
28-Jan-2019
29-Jan-2019
30-Jan-2019
31-Jan-2019
1-Feb-2019
2-Feb-2019
3-Feb-2019
4-Feb-2019
5-Feb-2019
6-Feb-2019
7-Feb-2019
8-Feb-2019
9-Feb-2019
10-Feb-2019
11-Feb-2019
12-Feb-2019
13-Feb-2019
14-Feb-2019
15-Feb-2019
16-Feb-2019
17-Feb-2019
18-Feb-2019
19-Feb-2019
20-Feb-2019
21-Feb-2019
22-Feb-2019
23-Feb-2019
24-Feb-2019
25-Feb-2019
26-Feb-2019
27-Feb-2019
28-Feb-2019
1-Mar-2019
2-Mar-2019
3-Mar-2019
4-Mar-2019
5-Mar-2019
6-Mar-2019
7-Mar-2019
8-Mar-2019
9-Mar-2019
10-Mar-2019
11-Mar-2019
12-Mar-2019
13-Mar-2019
14-Mar-2019
15-Mar-2019
16-Mar-2019
17-Mar-2019
18-Mar-2019
19-Mar-2019
20-Mar-2019
21-Mar-2019
22-Mar-2019
23-Mar-2019
24-Mar-2019
25-Mar-2019
26-Mar-2019
27-Mar-2019
28-Mar-2019
29-Mar-2019
30-Mar-2019
31-Mar-2019
1-Apr-2019
2-Apr-2019
3-Apr-2019
4-Apr-2019
5-Apr-2019
6-Apr-2019
7-Apr-2019
8-Apr-2019
9-Apr-2019
10-Apr-2019
11-Apr-2019
12-Apr-2019
13-Apr-2019
14-Apr-2019
15-Apr-2019
16-Apr-2019
17-Apr-2019
18-Apr-2019
19-Apr-2019
20-Apr-2019
21-Apr-2019
22-Apr-2019
23-Apr-2019
24-Apr-2019
25-Apr-2019
26-Apr-2019
27-Apr-2019
28-Apr-2019
29-Apr-2019
30-Apr-2019
1-May-2019
2-May-2019
3-May-2019
4-May-2019
5-May-2019
6-May-2019
7-May-2019
8-May-2019
9-May-2019
10-May-2019
11-May-2019
12-May-2019
13-May-2019
14-May-2019
15-May-2019
16-May-2019
17-May-2019
18-May-2019
19-May-2019
20-May-2019
21-May-2019
22-May-2019
23-May-2019
24-May-2019
25-May-2019
26-May-2019
27-May-2019
28-May-2019
29-May-2019
30-May-2019
31-May-2019
1-Jun-2019
2-Jun-2019
3-Jun-2019
4-Jun-2019
5-Jun-2019
6-Jun-2019
7-Jun-2019
8-Jun-2019
9-Jun-2019
10-Jun-2019
11-Jun-2019
12-Jun-2019
13-Jun-2019
14-Jun-2019
15-Jun-2019
16-Jun-2019
17-Jun-2019
18-Jun-2019
19-Jun-2019
20-Jun-2019
21-Jun-2019
22-Jun-2019
23-Jun-2019
24-Jun-2019
25-Jun-2019
26-Jun-2019
27-Jun-2019
28-Jun-2019
29-Jun-2019
30-Jun-2019
1-Jul-2019
2-Jul-2019
3-Jul-2019
4-Jul-2019
5-Jul-2019
6-Jul-2019
7-Jul-2019
8-Jul-2019
9-Jul-2019
10-Jul-2019
11-Jul-2019
12-Jul-2019
13-Jul-2019
14-Jul-2019
15-Jul-2019
16-Jul-2019
17-Jul-2019
18-Jul-2019
19-Jul-2019
20-Jul-2019
21-Jul-2019
22-Jul-2019
23-Jul-2019
24-Jul-2019
25-Jul-2019
26-Jul-2019
27-Jul-2019
28-Jul-2019
29-Jul-2019
30-Jul-2019
31-Jul-2019
1-Aug-2019
2-Aug-2019
3-Aug-2019
4-Aug-2019
5-Aug-2019
6-Aug-2019
7-Aug-2019
8-Aug-2019
9-Aug-2019
10-Aug-2019
11-Aug-2019
12-Aug-2019
13-Aug-2019
14-Aug-2019
15-Aug-2019
16-Aug-2019
17-Aug-2019
18-Aug-2019
19-Aug-2019
20-Aug-2019
21-Aug-2019
22-Aug-2019
23-Aug-2019
24-Aug-2019
25-Aug-2019
26-Aug-2019
27-Aug-2019
28-Aug-2019
29-Aug-2019
30-Aug-2019
31-Aug-2019
1-Sep-2019
2-Sep-2019
3-Sep-2019
4-Sep-2019
5-Sep-2019
6-Sep-2019
7-Sep-2019
8-Sep-2019
9-Sep-2019
10-Sep-2019
11-Sep-2019
12-Sep-2019
13-Sep-2019
14-Sep-2019
15-Sep-2019
16-Sep-2019
17-Sep-2019
18-Sep-2019
19-Sep-2019
20-Sep-2019
21-Sep-2019
22-Sep-2019
23-Sep-2019
24-Sep-2019
25-Sep-2019
26-Sep-2019
27-Sep-2019
28-Sep-2019
29-Sep-2019
30-Sep-2019
1-Oct-2019
2-Oct-2019
3-Oct-2019
4-Oct-2019
5-Oct-2019
6-Oct-2019
7-Oct-2019
8-Oct-2019
9-Oct-2019
10-Oct-2019
11-Oct-2019
12-Oct-2019
13-Oct-2019
14-Oct-2019
15-Oct-2019
16-Oct-2019
17-Oct-2019
18-Oct-2019
19-Oct-2019
20-Oct-2019
21-Oct-2019
22-Oct-2019
23-Oct-2019
24-Oct-2019
25-Oct-2019
26-Oct-2019
27-Oct-2019
28-Oct-2019
29-Oct-2019
30-Oct-2019
31-Oct-2019
1-Nov-2019
2-Nov-2019
3-Nov-2019
4-Nov-2019
5-Nov-2019
6-Nov-2019
7-Nov-2019
8-Nov-2019
9-Nov-2019
10-Nov-2019
11-Nov-2019
12-Nov-2019
13-Nov-2019
14-Nov-2019
15-Nov-2019
16-Nov-2019
17-Nov-2019
18-Nov-2019
19-Nov-2019
20-Nov-2019
21-Nov-2019
22-Nov-2019
23-Nov-2019
24-Nov-2019
25-Nov-2019
26-Nov-2019
27-Nov-2019
28-Nov-2019
29-Nov-2019
30-Nov-2019
1-Dec-2019
2-Dec-2019
3-Dec-2019
4-Dec-2019
5-Dec-2019
6-Dec-2019
7-Dec-2019
8-Dec-2019
9-Dec-2019
10-Dec-2019
11-Dec-2019
12-Dec-2019
13-Dec-2019
14-Dec-2019
15-Dec-2019
16-Dec-2019
17-Dec-2019
18-Dec-2019
19-Dec-2019
20-Dec-2019
21-Dec-2019
22-Dec-2019
23-Dec-2019
24-Dec-2019
25-Dec-2019
26-Dec-2019
27-Dec-2019
28-Dec-2019
29-Dec-2019
30-Dec-2019
31-Dec-2019
